Component Count:,9,,,,
Ref,Qnty,Value,Cmp name,Footprint,Description
"BZ1, ",1,Buzzer,Buzzer,Buzzer_Beeper:Murata_beeper,"Buzzer, polarized"
"J1, ",1,ST_VCC,Screw_Terminal_01x02,"TerminalBlock_Phoenix:TerminalBlock_Phoenix_MKDS-1,5-2-5.08_1x02_P5.08mm_Horizontal","Generic screw terminal, single row, 01x02, script generated (kicad-library-utils/schlib/autogen/connector/)"
"J2, ",1,ST_SW,Screw_Terminal_01x02,"TerminalBlock_Phoenix:TerminalBlock_Phoenix_MKDS-1,5-2-5.08_1x02_P5.08mm_Horizontal","Generic screw terminal, single row, 01x02, script generated (kicad-library-utils/schlib/autogen/connector/)"
"J3, ",1,Conn_LED,Conn_01x02,Connector_PinHeader_2.54mm:PinHeader_1x02_P2.54mm_Vertical,"Generic connector, single row, 01x02, script generated (kicad-library-utils/schlib/autogen/connector/)"
"Q1, ",1,BC547,BC547,Package_TO_SOT_THT:TO-92_Inline,"0.1A Ic, 45V Vce, Small Signal NPN Transistor, TO-92"
"R1, ",1,1k,R,Resistor_THT:R_Axial_DIN0207_L6.3mm_D2.5mm_P10.16mm_Horizontal,Resistor
"R2, ",1,220R,R,Resistor_THT:R_Axial_DIN0207_L6.3mm_D2.5mm_P10.16mm_Horizontal,Resistor
