<?xml version="1.0" encoding="UTF-8"?>
<export version="E">
  <design>
    <source>/Users/sapelectronic/Downloads/Sisgeo/WaterLevelIndicator/N_MOSFET2/N_MOSFET2/N_MOSFET2.kicad_sch</source>
    <date>2023 April 28, Friday 11:01:21</date>
    <tool>Eeschema (6.0.5-0)</tool>
    <sheet number="1" name="/" tstamps="/">
      <title_block>
        <title>Water Level Indicator using NPN</title>
        <company/>
        <rev>P-0.2</rev>
        <date>2022-05-12</date>
        <source>N_MOSFET2.kicad_sch</source>
        <comment number="1" value="Desinged by MMTC"/>
        <comment number="2" value=""/>
        <comment number="3" value=""/>
        <comment number="4" value=""/>
        <comment number="5" value=""/>
        <comment number="6" value=""/>
        <comment number="7" value=""/>
        <comment number="8" value=""/>
        <comment number="9" value=""/>
      </title_block>
    </sheet>
  </design>
  <components>
    <comp ref="BZ1">
      <value>Buzzer</value>
      <footprint>Buzzer_Beeper:Murata_beeper</footprint>
      <libsource lib="Device" part="Buzzer" description="Buzzer, polarized"/>
      <property name="Sheetname" value=""/>
      <property name="Sheetfile" value="N_MOSFET2.kicad_sch"/>
      <sheetpath names="/" tstamps="/"/>
      <tstamps>d0fb2bcb-fdd0-4bce-8430-5ede932b3688</tstamps>
    </comp>
    <comp ref="H1">
      <value>MountingHole</value>
      <footprint>MountingHole:MountingHole_3mm</footprint>
      <libsource lib="Mechanical" part="MountingHole" description="Mounting Hole without connection"/>
      <property name="Sheetname" value=""/>
      <property name="Sheetfile" value="N_MOSFET2.kicad_sch"/>
      <sheetpath names="/" tstamps="/"/>
      <tstamps>afc6c2d5-0ebd-4540-b9f8-aa9d469ecda5</tstamps>
    </comp>
    <comp ref="H2">
      <value>MountingHole</value>
      <footprint>MountingHole:MountingHole_3mm</footprint>
      <libsource lib="Mechanical" part="MountingHole" description="Mounting Hole without connection"/>
      <property name="Sheetname" value=""/>
      <property name="Sheetfile" value="N_MOSFET2.kicad_sch"/>
      <sheetpath names="/" tstamps="/"/>
      <tstamps>e7edcb93-d902-4ce2-a5fb-820ee1b3e640</tstamps>
    </comp>
    <comp ref="J1">
      <value>ST_VCC</value>
      <footprint>TerminalBlock_Phoenix:TerminalBlock_Phoenix_MKDS-1,5-2-5.08_1x02_P5.08mm_Horizontal</footprint>
      <libsource lib="Connector" part="Screw_Terminal_01x02" description="Generic screw terminal, single row, 01x02, script generated (kicad-library-utils/schlib/autogen/connector/)"/>
      <property name="Sheetname" value=""/>
      <property name="Sheetfile" value="N_MOSFET2.kicad_sch"/>
      <sheetpath names="/" tstamps="/"/>
      <tstamps>60bc0401-b337-4684-b5fc-bf74a3720b25</tstamps>
    </comp>
    <comp ref="J2">
      <value>ST_SW</value>
      <footprint>TerminalBlock_Phoenix:TerminalBlock_Phoenix_MKDS-1,5-2-5.08_1x02_P5.08mm_Horizontal</footprint>
      <libsource lib="Connector" part="Screw_Terminal_01x02" description="Generic screw terminal, single row, 01x02, script generated (kicad-library-utils/schlib/autogen/connector/)"/>
      <property name="Sheetname" value=""/>
      <property name="Sheetfile" value="N_MOSFET2.kicad_sch"/>
      <sheetpath names="/" tstamps="/"/>
      <tstamps>bf4cdcdc-efff-4710-9373-3621f81ef63e</tstamps>
    </comp>
    <comp ref="J3">
      <value>Conn_LED</value>
      <footprint>Connector_PinHeader_2.54mm:PinHeader_1x02_P2.54mm_Vertical</footprint>
      <libsource lib="Connector_Generic" part="Conn_01x02" description="Generic connector, single row, 01x02, script generated (kicad-library-utils/schlib/autogen/connector/)"/>
      <property name="Sheetname" value=""/>
      <property name="Sheetfile" value="N_MOSFET2.kicad_sch"/>
      <sheetpath names="/" tstamps="/"/>
      <tstamps>6a65775a-294d-436b-acd9-4da82a8dee0d</tstamps>
    </comp>
    <comp ref="Q1">
      <value>BC547</value>
      <footprint>Package_TO_SOT_THT:TO-92_Inline</footprint>
      <datasheet>https://www.onsemi.com/pub/Collateral/BC550-D.pdf</datasheet>
      <libsource lib="Transistor_BJT" part="BC547" description="0.1A Ic, 45V Vce, Small Signal NPN Transistor, TO-92"/>
      <property name="Sheetname" value=""/>
      <property name="Sheetfile" value="N_MOSFET2.kicad_sch"/>
      <sheetpath names="/" tstamps="/"/>
      <tstamps>4436cbb1-a776-4ffd-877a-1aef4f67f206</tstamps>
    </comp>
    <comp ref="R1">
      <value>1k</value>
      <footprint>Resistor_THT:R_Axial_DIN0207_L6.3mm_D2.5mm_P10.16mm_Horizontal</footprint>
      <libsource lib="Device" part="R" description="Resistor"/>
      <property name="Sheetname" value=""/>
      <property name="Sheetfile" value="N_MOSFET2.kicad_sch"/>
      <sheetpath names="/" tstamps="/"/>
      <tstamps>40676615-9a4f-4367-a019-54619674c086</tstamps>
    </comp>
    <comp ref="R2">
      <value>220R</value>
      <footprint>Resistor_THT:R_Axial_DIN0207_L6.3mm_D2.5mm_P10.16mm_Horizontal</footprint>
      <libsource lib="Device" part="R" description="Resistor"/>
      <property name="Sheetname" value=""/>
      <property name="Sheetfile" value="N_MOSFET2.kicad_sch"/>
      <sheetpath names="/" tstamps="/"/>
      <tstamps>e1f9bd6b-b43f-48a8-837e-18652db424f3</tstamps>
    </comp>
  </components>
  <libparts>
    <libpart lib="Connector" part="Screw_Terminal_01x02">
      <description>Generic screw terminal, single row, 01x02, script generated (kicad-library-utils/schlib/autogen/connector/)</description>
      <docs>~</docs>
      <footprints>
        <fp>TerminalBlock*:*</fp>
      </footprints>
      <fields>
        <field name="Reference">J</field>
        <field name="Value">Screw_Terminal_01x02</field>
        <field name="Datasheet">~</field>
      </fields>
      <pins>
        <pin num="1" name="Pin_1" type="passive"/>
        <pin num="2" name="Pin_2" type="passive"/>
      </pins>
    </libpart>
    <libpart lib="Connector_Generic" part="Conn_01x02">
      <description>Generic connector, single row, 01x02, script generated (kicad-library-utils/schlib/autogen/connector/)</description>
      <docs>~</docs>
      <footprints>
        <fp>Connector*:*_1x??_*</fp>
      </footprints>
      <fields>
        <field name="Reference">J</field>
        <field name="Value">Conn_01x02</field>
        <field name="Datasheet">~</field>
      </fields>
      <pins>
        <pin num="1" name="Pin_1" type="passive"/>
        <pin num="2" name="Pin_2" type="passive"/>
      </pins>
    </libpart>
    <libpart lib="Device" part="Buzzer">
      <description>Buzzer, polarized</description>
      <docs>~</docs>
      <footprints>
        <fp>*Buzzer*</fp>
      </footprints>
      <fields>
        <field name="Reference">BZ</field>
        <field name="Value">Buzzer</field>
        <field name="Datasheet">~</field>
      </fields>
      <pins>
        <pin num="1" name="-" type="passive"/>
        <pin num="2" name="+" type="passive"/>
      </pins>
    </libpart>
    <libpart lib="Device" part="R">
      <description>Resistor</description>
      <docs>~</docs>
      <footprints>
        <fp>R_*</fp>
      </footprints>
      <fields>
        <field name="Reference">R</field>
        <field name="Value">R</field>
        <field name="Datasheet">~</field>
      </fields>
      <pins>
        <pin num="1" name="" type="passive"/>
        <pin num="2" name="" type="passive"/>
      </pins>
    </libpart>
    <libpart lib="Mechanical" part="MountingHole">
      <description>Mounting Hole without connection</description>
      <docs>~</docs>
      <footprints>
        <fp>MountingHole*</fp>
      </footprints>
      <fields>
        <field name="Reference">H</field>
        <field name="Value">MountingHole</field>
        <field name="Datasheet">~</field>
      </fields>
    </libpart>
    <libpart lib="Transistor_BJT" part="BC547">
      <description>0.1A Ic, 45V Vce, Small Signal NPN Transistor, TO-92</description>
      <docs>https://www.onsemi.com/pub/Collateral/BC550-D.pdf</docs>
      <footprints>
        <fp>TO?92*</fp>
      </footprints>
      <fields>
        <field name="Reference">Q</field>
        <field name="Value">BC547</field>
        <field name="Footprint">Package_TO_SOT_THT:TO-92_Inline</field>
        <field name="Datasheet">https://www.onsemi.com/pub/Collateral/BC550-D.pdf</field>
      </fields>
      <pins>
        <pin num="1" name="C" type="passive"/>
        <pin num="2" name="B" type="input"/>
        <pin num="3" name="E" type="passive"/>
      </pins>
    </libpart>
  </libparts>
  <libraries>
    <library logical="Connector">
      <uri>/Applications/KiCad/KiCad.app/Contents/SharedSupport/symbols//Connector.kicad_sym</uri>
    </library>
    <library logical="Connector_Generic">
      <uri>/Applications/KiCad/KiCad.app/Contents/SharedSupport/symbols//Connector_Generic.kicad_sym</uri>
    </library>
    <library logical="Device">
      <uri>/Applications/KiCad/KiCad.app/Contents/SharedSupport/symbols//Device.kicad_sym</uri>
    </library>
    <library logical="Mechanical">
      <uri>/Applications/KiCad/KiCad.app/Contents/SharedSupport/symbols//Mechanical.kicad_sym</uri>
    </library>
    <library logical="Transistor_BJT">
      <uri>/Applications/KiCad/KiCad.app/Contents/SharedSupport/symbols//Transistor_BJT.kicad_sym</uri>
    </library>
  </libraries>
  <nets>
    <net code="1" name="GND">
      <node ref="J1" pin="1" pinfunction="Pin_1" pintype="passive"/>
      <node ref="Q1" pin="3" pinfunction="E" pintype="passive"/>
    </net>
    <net code="2" name="Net-(BZ1-Pad1)">
      <node ref="BZ1" pin="1" pinfunction="-" pintype="passive"/>
      <node ref="R2" pin="2" pintype="passive"/>
    </net>
    <net code="3" name="Net-(BZ1-Pad2)">
      <node ref="BZ1" pin="2" pinfunction="+" pintype="passive"/>
      <node ref="J3" pin="2" pinfunction="Pin_2" pintype="passive"/>
    </net>
    <net code="4" name="Net-(J3-Pad1)">
      <node ref="J3" pin="1" pinfunction="Pin_1" pintype="passive"/>
      <node ref="Q1" pin="1" pinfunction="C" pintype="passive"/>
    </net>
    <net code="5" name="Net-(Q1-Pad2)">
      <node ref="Q1" pin="2" pinfunction="B" pintype="input"/>
      <node ref="R1" pin="2" pintype="passive"/>
    </net>
    <net code="6" name="SWToG">
      <node ref="J2" pin="2" pinfunction="Pin_2" pintype="passive"/>
      <node ref="R1" pin="1" pintype="passive"/>
    </net>
    <net code="7" name="VCC">
      <node ref="J1" pin="2" pinfunction="Pin_2" pintype="passive"/>
      <node ref="J2" pin="1" pinfunction="Pin_1" pintype="passive"/>
      <node ref="R2" pin="1" pintype="passive"/>
    </net>
  </nets>
</export>
